id,Anger,Disgust,Fear,Joy,Sadness,Surprise
arq_test_track_a_00001,0,0,0,1,1,0
arq_test_track_a_00002,1,0,1,0,0,1
arq_test_track_a_00003,1,1,0,0,1,0
arq_test_track_a_00004,1,1,1,0,1,1
arq_test_track_a_00005,0,0,1,0,1,1
arq_test_track_a_00006,1,1,0,1,1,0
arq_test_track_a_00007,1,0,0,1,0,0
arq_test_track_a_00008,1,0,1,0,0,1
arq_test_track_a_00009,1,0,1,0,1,1
arq_test_track_a_00010,0,0,0,1,0,1
arq_test_track_a_00011,1,1,0,0,1,0
arq_test_track_a_00012,1,0,0,1,0,0
arq_test_track_a_00013,1,1,0,0,0,0
arq_test_track_a_00014,0,0,0,0,1,1
arq_test_track_a_00015,0,0,0,1,1,0
arq_test_track_a_00016,0,0,1,0,1,1
arq_test_track_a_00017,0,0,0,1,1,0
arq_test_track_a_00018,1,0,0,0,1,0
arq_test_track_a_00019,1,0,1,1,0,0
arq_test_track_a_00020,1,1,0,0,1,0
arq_test_track_a_00021,0,0,0,1,1,0
arq_test_track_a_00022,0,0,1,0,1,1
arq_test_track_a_00023,1,1,1,0,1,0
arq_test_track_a_00024,1,0,1,0,1,0
arq_test_track_a_00025,1,1,1,0,1,0
arq_test_track_a_00026,1,0,1,0,0,1
arq_test_track_a_00027,1,0,1,0,0,0
arq_test_track_a_00028,1,1,0,0,0,1
arq_test_track_a_00029,0,1,1,0,1,0
arq_test_track_a_00030,1,1,0,0,1,1
arq_test_track_a_00031,1,0,0,0,1,0
arq_test_track_a_00032,0,0,0,1,0,1
arq_test_track_a_00033,0,1,0,0,1,0
arq_test_track_a_00034,0,1,1,0,1,1
arq_test_track_a_00035,0,0,0,0,0,1
arq_test_track_a_00036,0,1,0,0,1,0
arq_test_track_a_00037,0,0,1,0,1,1
arq_test_track_a_00038,0,0,0,1,0,0
arq_test_track_a_00039,1,1,1,0,1,1
arq_test_track_a_00040,1,1,1,0,1,1
arq_test_track_a_00041,1,0,0,0,0,0
arq_test_track_a_00042,1,1,1,0,1,1
arq_test_track_a_00043,0,0,0,0,1,1
arq_test_track_a_00044,1,1,1,0,1,1
arq_test_track_a_00045,0,0,1,0,1,1
arq_test_track_a_00046,1,1,0,0,1,1
arq_test_track_a_00047,0,0,0,0,1,0
arq_test_track_a_00048,1,0,1,0,1,1
arq_test_track_a_00049,1,1,0,0,1,0
arq_test_track_a_00050,0,0,0,1,0,1
arq_test_track_a_00051,0,0,0,1,0,0
arq_test_track_a_00052,1,0,1,0,0,1
arq_test_track_a_00053,1,0,0,0,1,0
arq_test_track_a_00054,1,0,0,0,1,0
arq_test_track_a_00055,1,1,0,0,1,0
arq_test_track_a_00056,0,0,0,1,1,1
arq_test_track_a_00057,0,0,0,0,1,0
arq_test_track_a_00058,0,0,0,0,0,1
arq_test_track_a_00059,0,0,1,0,1,0
arq_test_track_a_00060,0,0,1,0,0,0
arq_test_track_a_00061,1,1,0,0,1,0
arq_test_track_a_00062,1,1,1,0,1,1
arq_test_track_a_00063,0,0,0,0,1,0
arq_test_track_a_00064,0,0,0,0,1,1
arq_test_track_a_00065,0,0,1,0,1,1
arq_test_track_a_00066,1,0,1,0,0,1
arq_test_track_a_00067,1,0,1,0,0,1
arq_test_track_a_00068,1,1,1,0,1,1
arq_test_track_a_00069,1,0,1,0,1,0
arq_test_track_a_00070,1,0,0,0,0,1
arq_test_track_a_00071,1,0,0,0,0,0
arq_test_track_a_00072,1,1,0,0,0,0
arq_test_track_a_00073,1,1,0,0,1,1
arq_test_track_a_00074,1,0,1,0,1,1
arq_test_track_a_00075,1,1,1,0,1,1
arq_test_track_a_00076,1,0,1,0,0,1
arq_test_track_a_00077,0,0,0,0,1,1
arq_test_track_a_00078,1,1,1,0,1,1
arq_test_track_a_00079,0,0,0,0,0,1
arq_test_track_a_00080,0,1,1,0,1,0
arq_test_track_a_00081,1,0,0,0,0,1
arq_test_track_a_00082,0,0,0,0,0,0
arq_test_track_a_00083,0,1,0,0,1,0
arq_test_track_a_00084,0,0,1,0,1,1
arq_test_track_a_00085,0,0,0,0,1,1
arq_test_track_a_00086,0,0,0,0,1,0
arq_test_track_a_00087,0,0,1,0,0,0
arq_test_track_a_00088,1,0,1,0,0,1
arq_test_track_a_00089,0,0,1,0,1,0
arq_test_track_a_00090,0,0,0,1,1,1
arq_test_track_a_00091,1,1,1,0,1,0
arq_test_track_a_00092,1,1,0,0,1,1
arq_test_track_a_00093,1,0,1,0,1,0
arq_test_track_a_00094,1,1,0,0,1,1
arq_test_track_a_00095,0,0,0,1,1,0
arq_test_track_a_00096,0,0,1,0,0,0
arq_test_track_a_00097,1,0,1,0,1,0
arq_test_track_a_00098,1,0,1,0,0,0
arq_test_track_a_00099,1,0,1,0,0,0
arq_test_track_a_00100,1,1,1,0,1,1
arq_test_track_a_00101,1,0,0,0,0,0
arq_test_track_a_00102,0,0,0,0,1,1
arq_test_track_a_00103,1,0,1,0,1,1
arq_test_track_a_00104,1,1,0,0,0,1
arq_test_track_a_00105,0,0,0,1,0,1
arq_test_track_a_00106,1,1,1,0,1,1
arq_test_track_a_00107,0,1,0,1,1,0
arq_test_track_a_00108,0,0,0,0,0,0
arq_test_track_a_00109,1,0,1,0,0,0
arq_test_track_a_00110,0,0,1,0,1,0
arq_test_track_a_00111,0,0,0,1,0,0
arq_test_track_a_00112,0,0,1,0,1,1
arq_test_track_a_00113,0,0,0,0,1,0
arq_test_track_a_00114,1,1,0,0,1,1
arq_test_track_a_00115,0,0,0,1,1,0
arq_test_track_a_00116,1,1,0,0,0,0
arq_test_track_a_00117,1,0,0,0,0,1
arq_test_track_a_00118,0,0,0,0,1,0
arq_test_track_a_00119,1,0,1,0,0,1
arq_test_track_a_00120,0,0,0,1,0,0
arq_test_track_a_00121,1,1,1,0,1,1
arq_test_track_a_00122,1,1,0,0,0,0
arq_test_track_a_00123,1,0,1,0,1,1
arq_test_track_a_00124,1,1,1,0,1,1
arq_test_track_a_00125,0,0,1,0,1,0
arq_test_track_a_00126,1,0,0,0,0,0
arq_test_track_a_00127,1,1,1,0,1,1
arq_test_track_a_00128,0,0,0,1,0,1
arq_test_track_a_00129,0,0,0,0,1,0
arq_test_track_a_00130,1,0,1,0,1,1
arq_test_track_a_00131,1,1,1,0,1,0
arq_test_track_a_00132,1,0,1,0,0,1
arq_test_track_a_00133,1,0,0,0,1,0
arq_test_track_a_00134,1,0,1,0,1,0
arq_test_track_a_00135,1,1,1,0,1,0
arq_test_track_a_00136,1,0,1,0,0,0
arq_test_track_a_00137,0,0,0,1,1,1
arq_test_track_a_00138,1,0,0,0,0,1
arq_test_track_a_00139,1,0,1,0,1,1
arq_test_track_a_00140,0,1,1,0,1,1
arq_test_track_a_00141,0,0,0,1,1,1
arq_test_track_a_00142,1,1,1,0,1,1
arq_test_track_a_00143,1,0,1,0,1,1
arq_test_track_a_00144,0,0,0,0,1,1
arq_test_track_a_00145,1,0,0,0,0,1
arq_test_track_a_00146,1,1,1,0,1,0
arq_test_track_a_00147,0,0,1,0,0,1
arq_test_track_a_00148,0,0,0,1,0,0
arq_test_track_a_00149,0,0,0,0,0,1
arq_test_track_a_00150,1,0,0,1,1,0
arq_test_track_a_00151,0,1,1,0,1,1
arq_test_track_a_00152,0,0,1,1,0,1
arq_test_track_a_00153,1,0,0,0,0,0
arq_test_track_a_00154,1,1,0,0,1,0
arq_test_track_a_00155,1,1,1,0,1,1
arq_test_track_a_00156,0,0,0,0,1,0
arq_test_track_a_00157,1,0,1,0,0,1
arq_test_track_a_00158,0,0,0,0,1,1
arq_test_track_a_00159,1,0,1,0,1,1
arq_test_track_a_00160,1,0,1,0,1,0
arq_test_track_a_00161,0,0,0,0,1,0
arq_test_track_a_00162,0,0,1,0,1,0
arq_test_track_a_00163,0,0,0,0,1,1
arq_test_track_a_00164,0,0,0,0,0,0
arq_test_track_a_00165,1,0,0,0,0,0
arq_test_track_a_00166,1,0,1,0,1,1
arq_test_track_a_00167,0,0,1,0,0,0
arq_test_track_a_00168,1,0,0,0,1,0
arq_test_track_a_00169,0,0,0,1,1,0
arq_test_track_a_00170,1,0,1,0,1,0
arq_test_track_a_00171,0,1,1,0,1,1
arq_test_track_a_00172,0,0,1,0,0,1
arq_test_track_a_00173,1,1,1,0,1,1
arq_test_track_a_00174,0,0,0,0,1,0
arq_test_track_a_00175,0,0,0,1,0,1
arq_test_track_a_00176,1,1,0,0,1,1
arq_test_track_a_00177,1,0,1,0,0,0
arq_test_track_a_00178,0,0,0,0,1,0
arq_test_track_a_00179,1,0,1,0,0,1
arq_test_track_a_00180,0,0,0,0,0,0
arq_test_track_a_00181,1,1,0,0,0,1
arq_test_track_a_00182,1,1,0,0,1,0
arq_test_track_a_00183,1,0,0,1,0,1
arq_test_track_a_00184,0,0,0,0,1,0
arq_test_track_a_00185,0,0,1,0,0,1
arq_test_track_a_00186,1,1,0,0,1,1
arq_test_track_a_00187,1,1,1,0,1,1
arq_test_track_a_00188,0,0,0,1,0,1
arq_test_track_a_00189,1,0,1,0,0,1
arq_test_track_a_00190,0,0,0,0,1,1
arq_test_track_a_00191,0,0,0,0,1,0
arq_test_track_a_00192,1,1,0,0,1,1
arq_test_track_a_00193,1,1,1,0,1,0
arq_test_track_a_00194,1,1,1,0,1,1
arq_test_track_a_00195,1,0,1,0,0,0
arq_test_track_a_00196,1,0,1,0,0,1
arq_test_track_a_00197,0,0,0,1,0,1
arq_test_track_a_00198,0,0,0,0,1,0
arq_test_track_a_00199,1,1,1,0,1,0
arq_test_track_a_00200,0,1,0,0,1,1
arq_test_track_a_00201,1,1,1,0,1,1
arq_test_track_a_00202,0,0,0,1,0,1
arq_test_track_a_00203,1,0,0,0,0,0
arq_test_track_a_00204,0,0,0,1,0,1
arq_test_track_a_00205,0,0,0,0,0,1
arq_test_track_a_00206,0,0,0,0,1,1
arq_test_track_a_00207,0,0,0,1,1,0
arq_test_track_a_00208,1,0,1,0,0,1
arq_test_track_a_00209,0,0,1,0,1,1
arq_test_track_a_00210,1,1,0,0,0,0
arq_test_track_a_00211,0,0,0,0,1,0
arq_test_track_a_00212,1,0,0,0,0,1
arq_test_track_a_00213,1,0,1,0,1,1
arq_test_track_a_00214,0,1,0,1,1,1
arq_test_track_a_00215,1,0,1,0,1,1
arq_test_track_a_00216,1,1,0,0,1,0
arq_test_track_a_00217,1,1,0,0,1,0
arq_test_track_a_00218,1,1,1,0,1,1
arq_test_track_a_00219,1,0,0,1,0,0
arq_test_track_a_00220,1,1,0,1,1,0
arq_test_track_a_00221,0,0,0,0,1,1
arq_test_track_a_00222,0,0,0,0,0,1
arq_test_track_a_00223,0,0,0,0,1,0
arq_test_track_a_00224,1,0,1,0,1,1
arq_test_track_a_00225,1,0,0,0,1,0
arq_test_track_a_00226,1,1,0,0,1,1
arq_test_track_a_00227,1,0,0,0,1,1
arq_test_track_a_00228,0,0,1,0,1,1
arq_test_track_a_00229,0,0,0,0,0,1
arq_test_track_a_00230,0,0,0,0,1,0
arq_test_track_a_00231,1,0,1,0,1,0
arq_test_track_a_00232,1,0,0,0,1,0
arq_test_track_a_00233,0,0,0,1,0,0
arq_test_track_a_00234,1,1,1,0,1,1
arq_test_track_a_00235,1,1,1,0,1,1
arq_test_track_a_00236,1,1,0,0,1,0
arq_test_track_a_00237,1,1,0,0,0,1
arq_test_track_a_00238,0,0,0,0,0,0
arq_test_track_a_00239,0,0,1,0,1,0
arq_test_track_a_00240,0,1,0,1,1,0
arq_test_track_a_00241,0,0,0,1,1,0
arq_test_track_a_00242,1,0,1,0,1,1
arq_test_track_a_00243,0,0,1,0,1,0
arq_test_track_a_00244,0,0,1,1,1,0
arq_test_track_a_00245,1,0,0,0,1,0
arq_test_track_a_00246,1,1,1,0,1,1
arq_test_track_a_00247,1,0,1,0,1,1
arq_test_track_a_00248,0,0,0,1,0,1
arq_test_track_a_00249,0,0,1,0,1,0
arq_test_track_a_00250,1,0,0,1,0,1
arq_test_track_a_00251,1,1,1,1,1,0
arq_test_track_a_00252,0,0,0,1,0,1
arq_test_track_a_00253,1,0,1,0,0,1
arq_test_track_a_00254,0,0,0,0,0,0
arq_test_track_a_00255,1,1,1,0,1,1
arq_test_track_a_00256,0,0,1,0,0,1
arq_test_track_a_00257,1,1,0,0,0,0
arq_test_track_a_00258,1,1,0,0,1,0
arq_test_track_a_00259,1,1,0,0,1,0
arq_test_track_a_00260,0,1,1,0,1,1
arq_test_track_a_00261,0,0,0,1,0,1
arq_test_track_a_00262,0,1,0,1,1,1
arq_test_track_a_00263,1,1,1,0,1,1
arq_test_track_a_00264,1,1,1,0,1,1
arq_test_track_a_00265,1,1,1,0,1,1
arq_test_track_a_00266,0,0,0,0,1,1
arq_test_track_a_00267,1,1,0,0,1,0
arq_test_track_a_00268,0,0,0,1,0,1
arq_test_track_a_00269,0,0,0,0,0,0
arq_test_track_a_00270,0,0,0,0,0,1
arq_test_track_a_00271,1,0,0,1,0,1
arq_test_track_a_00272,0,0,1,0,0,1
arq_test_track_a_00273,0,0,0,0,1,0
arq_test_track_a_00274,0,0,0,0,1,0
arq_test_track_a_00275,0,0,0,0,1,0
arq_test_track_a_00276,1,1,1,0,1,1
arq_test_track_a_00277,1,1,0,1,1,0
arq_test_track_a_00278,0,0,0,1,1,0
arq_test_track_a_00279,1,1,0,0,1,0
arq_test_track_a_00280,1,0,1,0,1,1
arq_test_track_a_00281,0,0,0,1,0,1
arq_test_track_a_00282,0,0,0,1,0,1
arq_test_track_a_00283,1,1,0,0,1,1
arq_test_track_a_00284,1,1,1,0,0,1
arq_test_track_a_00285,0,0,1,0,1,1
arq_test_track_a_00286,0,1,0,0,1,0
arq_test_track_a_00287,1,0,1,0,1,0
arq_test_track_a_00288,1,0,1,0,1,1
arq_test_track_a_00289,0,0,0,0,1,0
arq_test_track_a_00290,1,0,1,0,0,1
arq_test_track_a_00291,1,1,0,0,1,1
arq_test_track_a_00292,0,0,0,1,0,1
arq_test_track_a_00293,1,1,1,0,1,1
arq_test_track_a_00294,1,1,0,0,1,1
arq_test_track_a_00295,1,0,1,0,1,0
arq_test_track_a_00296,1,1,0,0,1,0
arq_test_track_a_00297,0,0,1,0,1,1
arq_test_track_a_00298,0,0,1,1,1,1
arq_test_track_a_00299,1,1,1,0,0,0
arq_test_track_a_00300,1,1,1,0,1,0
arq_test_track_a_00301,0,1,0,1,1,0
arq_test_track_a_00302,0,1,0,1,1,1
arq_test_track_a_00303,1,1,0,0,1,0
arq_test_track_a_00304,0,0,0,1,1,1
arq_test_track_a_00305,0,0,1,0,0,1
arq_test_track_a_00306,1,1,0,0,1,0
arq_test_track_a_00307,0,1,0,0,1,0
arq_test_track_a_00308,0,1,0,0,1,0
arq_test_track_a_00309,1,0,0,0,1,1
arq_test_track_a_00310,1,1,0,0,1,0
arq_test_track_a_00311,0,0,0,0,1,0
arq_test_track_a_00312,0,0,0,0,1,1
arq_test_track_a_00313,1,1,0,0,0,1
arq_test_track_a_00314,1,1,0,0,1,1
arq_test_track_a_00315,0,0,1,0,1,0
arq_test_track_a_00316,0,0,1,0,1,1
arq_test_track_a_00317,0,0,1,0,0,0
arq_test_track_a_00318,1,0,0,0,0,0
arq_test_track_a_00319,1,1,0,0,0,0
arq_test_track_a_00320,1,0,0,0,0,1
arq_test_track_a_00321,0,1,0,1,1,0
arq_test_track_a_00322,0,0,0,0,1,1
arq_test_track_a_00323,0,0,1,0,0,1
arq_test_track_a_00324,0,0,0,1,0,0
arq_test_track_a_00325,0,0,1,0,1,0
arq_test_track_a_00326,1,1,0,0,1,1
arq_test_track_a_00327,1,0,0,1,0,0
arq_test_track_a_00328,1,1,0,0,1,0
arq_test_track_a_00329,0,0,0,0,1,0
arq_test_track_a_00330,1,1,0,0,1,0
arq_test_track_a_00331,0,0,0,0,1,0
arq_test_track_a_00332,1,0,1,0,1,1
arq_test_track_a_00333,1,1,1,0,1,0
arq_test_track_a_00334,0,0,1,0,1,1
arq_test_track_a_00335,1,1,1,0,1,1
arq_test_track_a_00336,1,1,0,0,1,0
arq_test_track_a_00337,1,1,1,0,0,1
arq_test_track_a_00338,1,1,1,0,1,1
arq_test_track_a_00339,1,1,1,0,1,1
arq_test_track_a_00340,0,0,1,0,0,1
arq_test_track_a_00341,1,1,0,0,1,1
arq_test_track_a_00342,1,1,1,0,1,1
arq_test_track_a_00343,1,0,1,0,1,0
arq_test_track_a_00344,0,1,1,0,1,0
arq_test_track_a_00345,0,0,0,0,1,0
arq_test_track_a_00346,1,0,1,0,0,0
arq_test_track_a_00347,0,0,0,0,1,0
arq_test_track_a_00348,0,0,0,0,1,1
arq_test_track_a_00349,0,0,0,1,0,1
arq_test_track_a_00350,1,1,0,0,0,0
arq_test_track_a_00351,1,1,0,0,1,1
arq_test_track_a_00352,0,0,0,0,1,0
arq_test_track_a_00353,1,1,1,0,1,0
arq_test_track_a_00354,1,0,1,0,0,0
arq_test_track_a_00355,1,1,0,0,1,0
arq_test_track_a_00356,0,0,0,1,0,1
arq_test_track_a_00357,1,1,1,0,1,1
arq_test_track_a_00358,1,0,0,0,0,0
arq_test_track_a_00359,1,0,0,1,0,1
arq_test_track_a_00360,1,1,0,0,1,1
arq_test_track_a_00361,1,1,1,0,0,0
arq_test_track_a_00362,0,0,0,1,0,1
arq_test_track_a_00363,1,1,0,1,0,0
arq_test_track_a_00364,0,0,1,0,1,1
arq_test_track_a_00365,1,0,1,0,0,1
arq_test_track_a_00366,1,1,1,1,0,0
arq_test_track_a_00367,1,0,0,0,1,0
arq_test_track_a_00368,1,0,1,0,1,1
arq_test_track_a_00369,1,0,1,0,0,1
arq_test_track_a_00370,0,0,0,1,0,1
arq_test_track_a_00371,1,1,1,0,0,0
arq_test_track_a_00372,1,1,1,0,0,1
arq_test_track_a_00373,1,1,1,0,1,1
arq_test_track_a_00374,1,0,0,0,0,0
arq_test_track_a_00375,1,0,1,0,0,0
arq_test_track_a_00376,1,1,1,0,1,1
arq_test_track_a_00377,1,1,1,0,1,0
arq_test_track_a_00378,1,1,1,0,1,0
arq_test_track_a_00379,0,0,0,1,0,0
arq_test_track_a_00380,1,1,0,1,0,0
arq_test_track_a_00381,0,0,0,0,1,0
arq_test_track_a_00382,0,0,1,0,1,1
arq_test_track_a_00383,1,1,0,0,0,0
arq_test_track_a_00384,0,0,1,0,1,1
arq_test_track_a_00385,1,1,0,0,0,1
arq_test_track_a_00386,0,0,0,0,1,0
arq_test_track_a_00387,1,1,0,0,1,0
arq_test_track_a_00388,1,0,1,0,1,1
arq_test_track_a_00389,0,0,1,0,1,1
arq_test_track_a_00390,1,1,0,1,1,0
arq_test_track_a_00391,0,1,1,0,1,0
arq_test_track_a_00392,1,0,0,0,1,0
arq_test_track_a_00393,0,1,0,0,1,0
arq_test_track_a_00394,1,1,0,0,0,0
arq_test_track_a_00395,1,0,1,0,1,0
arq_test_track_a_00396,0,0,1,0,1,0
arq_test_track_a_00397,0,0,1,0,1,1
arq_test_track_a_00398,0,0,0,0,1,0
arq_test_track_a_00399,1,1,0,0,1,0
arq_test_track_a_00400,0,0,0,0,1,0
arq_test_track_a_00401,1,0,0,0,1,1
arq_test_track_a_00402,1,0,0,0,0,1
arq_test_track_a_00403,1,0,0,1,0,1
arq_test_track_a_00404,0,0,0,0,0,1
arq_test_track_a_00405,1,0,0,0,1,0
arq_test_track_a_00406,1,1,1,0,1,0
arq_test_track_a_00407,0,0,0,1,1,0
arq_test_track_a_00408,0,0,0,1,1,1
arq_test_track_a_00409,1,0,1,0,1,1
arq_test_track_a_00410,0,0,0,0,1,0
arq_test_track_a_00411,1,1,0,0,1,0
arq_test_track_a_00412,1,0,1,0,1,1
arq_test_track_a_00413,1,0,1,0,1,1
arq_test_track_a_00414,1,0,1,0,1,0
arq_test_track_a_00415,0,0,0,0,1,0
arq_test_track_a_00416,1,0,1,0,0,1
arq_test_track_a_00417,1,1,1,0,0,1
arq_test_track_a_00418,0,0,0,0,1,0
arq_test_track_a_00419,0,0,1,0,1,0
arq_test_track_a_00420,0,0,0,0,1,0
arq_test_track_a_00421,1,1,0,0,1,1
arq_test_track_a_00422,0,0,0,0,1,0
arq_test_track_a_00423,1,1,0,0,1,0
arq_test_track_a_00424,1,1,1,0,1,1
arq_test_track_a_00425,0,0,1,0,0,1
arq_test_track_a_00426,1,1,1,0,0,1
arq_test_track_a_00427,1,0,1,0,1,1
arq_test_track_a_00428,1,1,0,0,1,0
arq_test_track_a_00429,1,1,0,0,1,0
arq_test_track_a_00430,0,0,0,1,0,0
arq_test_track_a_00431,1,0,0,0,1,0
arq_test_track_a_00432,1,1,0,0,1,0
arq_test_track_a_00433,0,0,1,0,0,1
arq_test_track_a_00434,0,0,0,0,0,0
arq_test_track_a_00435,1,1,0,0,1,0
arq_test_track_a_00436,1,1,0,0,1,0
arq_test_track_a_00437,0,0,0,0,0,1
arq_test_track_a_00438,1,1,1,0,1,0
arq_test_track_a_00439,0,0,0,1,1,0
arq_test_track_a_00440,1,1,1,0,1,1
arq_test_track_a_00441,0,0,0,1,0,1
arq_test_track_a_00442,1,0,1,0,1,0
arq_test_track_a_00443,1,1,0,0,1,0
arq_test_track_a_00444,1,1,1,0,1,1
arq_test_track_a_00445,1,0,1,0,1,0
arq_test_track_a_00446,0,0,0,0,0,1
arq_test_track_a_00447,0,1,0,0,1,0
arq_test_track_a_00448,0,0,0,0,0,1
arq_test_track_a_00449,1,1,1,0,0,0
arq_test_track_a_00450,0,0,0,1,0,1
arq_test_track_a_00451,0,0,1,0,1,1
arq_test_track_a_00452,0,0,1,0,1,0
arq_test_track_a_00453,0,0,0,0,1,0
arq_test_track_a_00454,1,0,0,0,1,0
arq_test_track_a_00455,1,1,1,0,1,0
arq_test_track_a_00456,1,1,0,0,1,0
arq_test_track_a_00457,0,0,0,1,0,1
arq_test_track_a_00458,1,1,1,0,1,0
arq_test_track_a_00459,0,0,1,1,0,1
arq_test_track_a_00460,1,0,0,0,1,0
arq_test_track_a_00461,1,1,1,0,1,0
arq_test_track_a_00462,1,1,1,0,1,0
arq_test_track_a_00463,0,0,1,1,0,1
arq_test_track_a_00464,1,0,1,0,1,0
arq_test_track_a_00465,0,1,0,0,1,0
arq_test_track_a_00466,0,0,0,0,0,1
arq_test_track_a_00467,0,1,0,0,1,0
arq_test_track_a_00468,1,0,0,0,0,0
arq_test_track_a_00469,1,0,0,0,0,0
arq_test_track_a_00470,1,0,0,0,1,0
arq_test_track_a_00471,0,0,0,0,0,1
arq_test_track_a_00472,0,0,0,0,1,0
arq_test_track_a_00473,0,0,0,0,0,1
arq_test_track_a_00474,0,1,1,0,1,1
arq_test_track_a_00475,0,0,0,1,0,0
arq_test_track_a_00476,1,1,1,0,1,1
arq_test_track_a_00477,1,1,0,0,1,0
arq_test_track_a_00478,1,0,1,0,1,0
arq_test_track_a_00479,0,0,1,0,1,1
arq_test_track_a_00480,1,0,0,1,0,0
arq_test_track_a_00481,1,1,0,0,1,0
arq_test_track_a_00482,0,0,0,1,1,1
arq_test_track_a_00483,1,1,0,0,0,0
arq_test_track_a_00484,1,0,1,0,1,1
arq_test_track_a_00485,1,1,1,0,1,0
arq_test_track_a_00486,1,1,0,0,1,1
arq_test_track_a_00487,1,1,1,0,1,1
arq_test_track_a_00488,1,0,0,0,1,1
arq_test_track_a_00489,0,1,0,0,1,0
arq_test_track_a_00490,0,0,0,1,1,0
arq_test_track_a_00491,0,0,0,1,0,1
arq_test_track_a_00492,0,0,0,0,1,0
arq_test_track_a_00493,1,1,0,0,1,0
arq_test_track_a_00494,0,1,0,0,1,0
arq_test_track_a_00495,1,0,1,0,1,0
arq_test_track_a_00496,1,1,0,0,1,0
arq_test_track_a_00497,0,0,1,0,0,1
arq_test_track_a_00498,1,1,0,0,1,1
arq_test_track_a_00499,1,1,1,0,0,1
arq_test_track_a_00500,0,0,0,0,0,0
arq_test_track_a_00501,0,0,0,1,0,0
arq_test_track_a_00502,0,0,1,0,1,1
arq_test_track_a_00503,0,0,1,0,0,1
arq_test_track_a_00504,0,0,0,1,0,1
arq_test_track_a_00505,1,0,1,0,0,1
arq_test_track_a_00506,0,0,0,0,1,1
arq_test_track_a_00507,0,0,1,0,0,1
arq_test_track_a_00508,0,0,1,0,0,1
arq_test_track_a_00509,0,1,1,0,1,1
arq_test_track_a_00510,1,1,1,0,1,0
arq_test_track_a_00511,0,0,0,1,0,1
arq_test_track_a_00512,0,0,1,0,1,1
arq_test_track_a_00513,0,0,0,1,1,0
arq_test_track_a_00514,0,0,0,1,0,1
arq_test_track_a_00515,1,0,0,1,0,1
arq_test_track_a_00516,0,0,0,1,0,1
arq_test_track_a_00517,1,1,1,1,1,1
arq_test_track_a_00518,1,0,1,0,1,0
arq_test_track_a_00519,1,1,0,0,1,1
arq_test_track_a_00520,1,0,1,0,0,1
arq_test_track_a_00521,0,0,1,0,1,1
arq_test_track_a_00522,1,0,1,0,1,1
arq_test_track_a_00523,0,0,0,0,1,0
arq_test_track_a_00524,0,0,0,0,1,0
arq_test_track_a_00525,1,0,0,0,0,0
arq_test_track_a_00526,1,1,1,0,1,1
arq_test_track_a_00527,0,0,1,0,1,1
arq_test_track_a_00528,0,0,0,0,1,0
arq_test_track_a_00529,1,1,0,0,0,1
arq_test_track_a_00530,0,0,0,0,0,1
arq_test_track_a_00531,0,0,1,0,0,1
arq_test_track_a_00532,1,1,0,0,1,1
arq_test_track_a_00533,0,0,0,1,1,0
arq_test_track_a_00534,0,0,0,1,0,1
arq_test_track_a_00535,1,1,1,0,1,0
arq_test_track_a_00536,1,1,1,0,0,0
arq_test_track_a_00537,1,0,0,0,1,0
arq_test_track_a_00538,0,0,0,1,1,0
arq_test_track_a_00539,1,1,0,0,1,0
arq_test_track_a_00540,0,0,0,1,1,0
arq_test_track_a_00541,1,1,1,0,1,0
arq_test_track_a_00542,0,0,0,0,1,1
arq_test_track_a_00543,0,0,0,0,0,0
arq_test_track_a_00544,1,1,1,0,1,0
arq_test_track_a_00545,1,0,0,0,1,0
arq_test_track_a_00546,1,0,1,0,0,1
arq_test_track_a_00547,1,1,1,0,1,1
arq_test_track_a_00548,0,0,1,1,0,1
arq_test_track_a_00549,1,1,0,0,1,0
arq_test_track_a_00550,1,0,1,0,0,0
arq_test_track_a_00551,1,0,0,0,1,0
arq_test_track_a_00552,0,0,0,1,0,0
arq_test_track_a_00553,0,0,0,0,0,1
arq_test_track_a_00554,1,1,0,0,1,1
arq_test_track_a_00555,1,1,1,0,1,1
arq_test_track_a_00556,1,1,1,0,1,1
arq_test_track_a_00557,1,0,0,0,1,0
arq_test_track_a_00558,1,1,1,0,1,1
arq_test_track_a_00559,0,0,0,0,0,0
arq_test_track_a_00560,0,0,1,0,1,1
arq_test_track_a_00561,0,0,0,0,0,1
arq_test_track_a_00562,1,0,0,0,1,0
arq_test_track_a_00563,0,0,0,0,1,0
arq_test_track_a_00564,0,0,0,1,1,0
arq_test_track_a_00565,1,1,0,0,0,0
arq_test_track_a_00566,1,1,0,0,1,0
arq_test_track_a_00567,1,1,0,0,1,0
arq_test_track_a_00568,0,1,0,0,1,0
arq_test_track_a_00569,1,0,0,0,1,0
arq_test_track_a_00570,0,0,0,1,1,0
arq_test_track_a_00571,1,0,0,1,0,0
arq_test_track_a_00572,1,0,1,0,0,1
arq_test_track_a_00573,0,0,0,0,0,1
arq_test_track_a_00574,0,0,1,0,1,1
arq_test_track_a_00575,1,0,0,1,1,0
arq_test_track_a_00576,1,0,0,0,0,1
arq_test_track_a_00577,0,0,0,1,1,0
arq_test_track_a_00578,1,0,1,0,1,1
arq_test_track_a_00579,1,1,1,0,1,0
arq_test_track_a_00580,0,1,0,0,1,0
arq_test_track_a_00581,0,0,0,0,0,1
arq_test_track_a_00582,0,0,1,0,0,1
arq_test_track_a_00583,0,0,0,1,1,0
arq_test_track_a_00584,1,1,1,0,1,1
arq_test_track_a_00585,1,0,0,0,1,1
arq_test_track_a_00586,0,0,0,1,0,0
arq_test_track_a_00587,1,0,1,0,0,1
arq_test_track_a_00588,0,0,0,0,1,0
arq_test_track_a_00589,0,0,1,0,1,1
arq_test_track_a_00590,0,0,0,1,0,1
arq_test_track_a_00591,0,0,0,1,0,1
arq_test_track_a_00592,0,0,0,0,1,0
arq_test_track_a_00593,0,1,0,0,1,0
arq_test_track_a_00594,1,0,1,0,1,1
arq_test_track_a_00595,1,0,0,0,0,1
arq_test_track_a_00596,1,1,0,0,1,0
arq_test_track_a_00597,1,1,0,0,1,0
arq_test_track_a_00598,1,1,0,0,1,1
arq_test_track_a_00599,0,0,0,0,0,1
arq_test_track_a_00600,1,1,1,0,1,0
arq_test_track_a_00601,1,0,1,0,0,1
arq_test_track_a_00602,0,0,1,0,0,1
arq_test_track_a_00603,0,0,0,1,0,0
arq_test_track_a_00604,1,1,1,0,1,1
arq_test_track_a_00605,0,0,0,1,1,1
arq_test_track_a_00606,1,1,0,0,1,1
arq_test_track_a_00607,1,0,0,0,1,1
arq_test_track_a_00608,1,1,0,0,1,0
arq_test_track_a_00609,1,1,0,0,1,0
arq_test_track_a_00610,1,1,1,0,1,1
arq_test_track_a_00611,1,0,0,0,1,1
arq_test_track_a_00612,0,1,0,1,1,0
arq_test_track_a_00613,0,0,1,0,1,0
arq_test_track_a_00614,1,1,1,0,1,0
arq_test_track_a_00615,0,1,0,0,1,1
arq_test_track_a_00616,1,0,1,0,1,0
arq_test_track_a_00617,1,0,1,0,0,0
arq_test_track_a_00618,0,0,0,0,0,1
arq_test_track_a_00619,1,1,0,0,0,1
arq_test_track_a_00620,0,1,1,0,1,1
arq_test_track_a_00621,1,0,0,0,1,1
arq_test_track_a_00622,0,0,0,1,0,1
arq_test_track_a_00623,1,0,1,0,0,1
arq_test_track_a_00624,1,1,0,0,1,0
arq_test_track_a_00625,0,0,0,0,1,1
arq_test_track_a_00626,1,1,0,1,0,0
arq_test_track_a_00627,0,0,0,1,1,1
arq_test_track_a_00628,0,0,0,0,1,0
arq_test_track_a_00629,1,0,0,0,1,0
arq_test_track_a_00630,1,1,0,0,1,0
arq_test_track_a_00631,0,0,1,0,0,1
arq_test_track_a_00632,0,0,1,0,0,1
arq_test_track_a_00633,0,0,0,1,0,1
arq_test_track_a_00634,0,0,0,1,1,0
arq_test_track_a_00635,1,1,1,0,1,0
arq_test_track_a_00636,0,1,0,0,1,0
arq_test_track_a_00637,1,0,1,0,0,1
arq_test_track_a_00638,1,0,1,0,0,0
arq_test_track_a_00639,0,0,0,1,0,1
arq_test_track_a_00640,0,1,0,0,1,0
arq_test_track_a_00641,1,1,1,0,0,0
arq_test_track_a_00642,0,1,0,0,1,1
arq_test_track_a_00643,0,0,0,1,1,0
arq_test_track_a_00644,1,0,0,0,1,1
arq_test_track_a_00645,0,0,0,0,1,0
arq_test_track_a_00646,0,0,0,0,1,1
arq_test_track_a_00647,1,0,0,0,1,0
arq_test_track_a_00648,0,0,0,1,0,1
arq_test_track_a_00649,1,1,0,0,1,1
arq_test_track_a_00650,1,1,1,0,1,1
arq_test_track_a_00651,0,0,1,0,1,1
arq_test_track_a_00652,1,0,1,0,0,1
arq_test_track_a_00653,1,1,0,0,0,1
arq_test_track_a_00654,1,1,0,0,0,1
arq_test_track_a_00655,1,0,0,0,0,1
arq_test_track_a_00656,0,0,0,0,1,0
arq_test_track_a_00657,0,0,0,0,1,1
arq_test_track_a_00658,1,1,1,0,1,1
arq_test_track_a_00659,1,1,1,0,1,0
arq_test_track_a_00660,1,1,1,0,1,1
arq_test_track_a_00661,0,0,0,0,1,1
arq_test_track_a_00662,0,0,0,0,1,0
arq_test_track_a_00663,1,0,0,0,0,0
arq_test_track_a_00664,1,0,0,0,0,0
arq_test_track_a_00665,1,1,0,0,1,1
arq_test_track_a_00666,0,0,0,1,1,0
arq_test_track_a_00667,0,0,1,0,1,1
arq_test_track_a_00668,0,0,0,0,1,0
arq_test_track_a_00669,0,0,0,1,1,0
arq_test_track_a_00670,0,0,0,0,1,0
arq_test_track_a_00671,0,0,0,1,0,0
arq_test_track_a_00672,1,0,0,0,1,1
arq_test_track_a_00673,1,0,0,0,1,0
arq_test_track_a_00674,1,0,0,0,0,0
arq_test_track_a_00675,1,0,0,0,1,0
arq_test_track_a_00676,1,1,1,0,1,0
arq_test_track_a_00677,1,1,1,0,1,0
arq_test_track_a_00678,1,0,0,0,0,1
arq_test_track_a_00679,1,0,0,0,1,1
arq_test_track_a_00680,0,0,0,0,1,0
arq_test_track_a_00681,1,0,0,0,0,0
arq_test_track_a_00682,0,0,0,1,1,1
arq_test_track_a_00683,1,0,1,0,1,1
arq_test_track_a_00684,1,1,1,0,1,0
arq_test_track_a_00685,0,0,0,1,0,1
arq_test_track_a_00686,0,0,0,0,1,0
arq_test_track_a_00687,0,0,0,1,0,1
arq_test_track_a_00688,1,0,0,0,1,0
arq_test_track_a_00689,0,1,0,0,1,0
arq_test_track_a_00690,0,0,1,0,0,1
arq_test_track_a_00691,0,0,1,0,1,1
arq_test_track_a_00692,1,0,1,0,1,1
arq_test_track_a_00693,0,0,1,0,0,1
arq_test_track_a_00694,1,1,0,0,1,0
arq_test_track_a_00695,1,0,1,0,0,1
arq_test_track_a_00696,1,1,0,0,1,1
arq_test_track_a_00697,0,0,1,0,0,1
arq_test_track_a_00698,1,0,1,0,1,1
arq_test_track_a_00699,1,0,0,0,1,0
arq_test_track_a_00700,0,0,0,1,0,1
arq_test_track_a_00701,0,0,1,0,1,1
arq_test_track_a_00702,1,1,1,0,1,1
arq_test_track_a_00703,1,0,0,1,0,0
arq_test_track_a_00704,1,1,0,0,1,1
arq_test_track_a_00705,1,0,0,0,1,1
arq_test_track_a_00706,1,1,0,0,1,1
arq_test_track_a_00707,1,0,1,0,0,1
arq_test_track_a_00708,1,1,0,0,1,0
arq_test_track_a_00709,0,0,0,1,1,0
arq_test_track_a_00710,1,1,0,0,1,1
arq_test_track_a_00711,0,0,0,0,1,0
arq_test_track_a_00712,1,1,1,0,1,1
arq_test_track_a_00713,1,1,0,0,1,1
arq_test_track_a_00714,1,0,0,0,0,1
arq_test_track_a_00715,1,1,1,0,1,1
arq_test_track_a_00716,0,0,1,0,1,1
arq_test_track_a_00717,1,1,0,0,0,1
arq_test_track_a_00718,0,0,0,0,1,0
arq_test_track_a_00719,1,1,0,0,1,0
arq_test_track_a_00720,1,0,0,0,1,0
arq_test_track_a_00721,1,0,1,0,0,0
arq_test_track_a_00722,0,0,1,0,1,1
arq_test_track_a_00723,1,1,1,0,1,0
arq_test_track_a_00724,1,1,0,0,1,0
arq_test_track_a_00725,1,0,0,0,1,0
arq_test_track_a_00726,0,0,0,0,0,0
arq_test_track_a_00727,0,0,0,0,0,1
arq_test_track_a_00728,0,1,1,0,1,0
arq_test_track_a_00729,1,0,1,0,0,1
arq_test_track_a_00730,0,0,1,0,0,1
arq_test_track_a_00731,1,0,1,0,1,1
arq_test_track_a_00732,0,0,1,0,1,0
arq_test_track_a_00733,0,0,0,0,1,1
arq_test_track_a_00734,0,1,1,0,1,0
arq_test_track_a_00735,0,0,0,1,1,0
arq_test_track_a_00736,1,1,1,0,1,0
arq_test_track_a_00737,0,0,0,0,1,0
arq_test_track_a_00738,0,0,1,1,0,1
arq_test_track_a_00739,0,0,1,0,0,1
arq_test_track_a_00740,1,1,1,0,0,0
arq_test_track_a_00741,0,1,0,0,1,0
arq_test_track_a_00742,1,0,1,0,1,1
arq_test_track_a_00743,1,1,1,0,1,1
arq_test_track_a_00744,0,0,1,0,0,1
arq_test_track_a_00745,1,1,1,0,1,1
arq_test_track_a_00746,1,0,0,0,0,1
arq_test_track_a_00747,1,1,1,0,1,0
arq_test_track_a_00748,1,1,1,0,1,1
arq_test_track_a_00749,1,1,1,0,1,1
arq_test_track_a_00750,0,1,1,0,1,0
arq_test_track_a_00751,0,0,0,0,0,0
arq_test_track_a_00752,0,1,1,0,1,0
arq_test_track_a_00753,1,0,0,0,1,1
arq_test_track_a_00754,0,0,0,1,1,0
arq_test_track_a_00755,0,0,1,0,1,0
arq_test_track_a_00756,0,0,1,0,1,1
arq_test_track_a_00757,0,0,1,0,1,1
arq_test_track_a_00758,0,1,1,0,1,1
arq_test_track_a_00759,0,0,0,0,1,1
arq_test_track_a_00760,0,0,1,0,1,0
arq_test_track_a_00761,1,1,1,0,1,1
arq_test_track_a_00762,1,0,1,0,1,1
arq_test_track_a_00763,1,1,1,0,1,0
arq_test_track_a_00764,0,1,1,0,1,0
arq_test_track_a_00765,1,1,1,0,1,1
arq_test_track_a_00766,0,0,0,1,0,0
arq_test_track_a_00767,1,0,1,0,1,1
arq_test_track_a_00768,1,0,1,0,1,0
arq_test_track_a_00769,1,1,0,0,0,0
arq_test_track_a_00770,1,1,1,0,1,1
arq_test_track_a_00771,1,1,0,0,1,1
arq_test_track_a_00772,1,1,0,0,1,0
arq_test_track_a_00773,1,0,0,0,1,0
arq_test_track_a_00774,1,0,1,0,0,1
arq_test_track_a_00775,0,0,0,1,1,1
arq_test_track_a_00776,1,0,1,0,0,1
arq_test_track_a_00777,0,0,1,0,0,1
arq_test_track_a_00778,1,0,1,0,1,1
arq_test_track_a_00779,0,1,0,1,1,1
arq_test_track_a_00780,1,0,1,0,1,1
arq_test_track_a_00781,1,1,0,1,0,0
arq_test_track_a_00782,1,0,1,0,1,1
arq_test_track_a_00783,0,0,0,0,1,0
arq_test_track_a_00784,1,1,1,0,1,1
arq_test_track_a_00785,1,1,1,0,1,0
arq_test_track_a_00786,1,1,0,0,1,0
arq_test_track_a_00787,1,1,0,0,1,1
arq_test_track_a_00788,0,1,0,0,1,1
arq_test_track_a_00789,0,0,0,1,0,1
arq_test_track_a_00790,0,0,1,0,1,1
arq_test_track_a_00791,1,1,0,0,1,0
arq_test_track_a_00792,1,1,0,0,1,0
arq_test_track_a_00793,0,0,0,0,1,0
arq_test_track_a_00794,0,0,0,1,0,0
arq_test_track_a_00795,0,0,0,1,1,0
arq_test_track_a_00796,1,0,0,0,0,0
arq_test_track_a_00797,1,1,0,0,0,0
arq_test_track_a_00798,0,0,1,0,1,1
arq_test_track_a_00799,0,0,0,1,1,0
arq_test_track_a_00800,1,0,1,0,0,1
arq_test_track_a_00801,0,0,0,0,1,0
arq_test_track_a_00802,0,0,0,1,1,0
arq_test_track_a_00803,1,0,0,0,0,0
arq_test_track_a_00804,0,0,0,1,1,1
arq_test_track_a_00805,0,1,0,1,1,0
arq_test_track_a_00806,1,1,1,0,1,0
arq_test_track_a_00807,1,1,0,0,0,0
arq_test_track_a_00808,1,1,0,0,1,1
arq_test_track_a_00809,1,1,1,0,1,1
arq_test_track_a_00810,0,0,1,0,1,1
arq_test_track_a_00811,1,1,1,0,1,1
arq_test_track_a_00812,0,0,1,0,0,1
arq_test_track_a_00813,1,0,1,0,1,1
arq_test_track_a_00814,0,0,0,0,1,1
arq_test_track_a_00815,1,1,1,0,0,1
arq_test_track_a_00816,1,1,1,0,1,1
arq_test_track_a_00817,0,0,1,0,0,1
arq_test_track_a_00818,1,1,1,0,1,1
arq_test_track_a_00819,0,0,1,0,0,1
arq_test_track_a_00820,1,0,1,0,0,1
arq_test_track_a_00821,1,0,1,0,1,0
arq_test_track_a_00822,1,0,0,0,1,0
arq_test_track_a_00823,0,0,1,0,0,1
arq_test_track_a_00824,1,0,1,0,0,1
arq_test_track_a_00825,0,1,0,0,1,1
arq_test_track_a_00826,1,1,1,0,1,1
arq_test_track_a_00827,1,0,1,0,1,1
arq_test_track_a_00828,0,0,0,1,0,1
arq_test_track_a_00829,0,0,0,1,1,1
arq_test_track_a_00830,1,0,0,0,1,0
arq_test_track_a_00831,1,1,1,0,1,0
arq_test_track_a_00832,1,0,1,0,1,0
arq_test_track_a_00833,0,0,1,0,0,1
arq_test_track_a_00834,0,0,1,0,1,0
arq_test_track_a_00835,0,1,0,0,1,0
arq_test_track_a_00836,0,0,1,0,0,1
arq_test_track_a_00837,0,0,0,0,1,0
arq_test_track_a_00838,0,1,1,0,1,1
arq_test_track_a_00839,0,0,0,1,0,0
arq_test_track_a_00840,0,0,1,0,0,1
arq_test_track_a_00841,1,1,0,0,1,0
arq_test_track_a_00842,0,0,0,0,0,1
arq_test_track_a_00843,1,0,1,0,1,0
arq_test_track_a_00844,0,0,0,0,0,1
arq_test_track_a_00845,0,0,0,0,1,0
arq_test_track_a_00846,1,0,0,0,0,0
arq_test_track_a_00847,0,0,0,1,0,1
arq_test_track_a_00848,1,0,1,0,1,1
arq_test_track_a_00849,1,0,0,0,1,1
arq_test_track_a_00850,0,0,0,0,0,1
arq_test_track_a_00851,1,0,1,0,0,0
arq_test_track_a_00852,1,0,0,0,1,1
arq_test_track_a_00853,1,1,0,0,1,0
arq_test_track_a_00854,0,0,0,0,1,1
arq_test_track_a_00855,1,1,0,0,1,0
arq_test_track_a_00856,0,0,1,0,0,1
arq_test_track_a_00857,1,0,0,0,0,1
arq_test_track_a_00858,0,0,0,0,1,1
arq_test_track_a_00859,0,0,0,1,0,0
arq_test_track_a_00860,1,0,0,0,1,1
arq_test_track_a_00861,0,0,1,0,1,1
arq_test_track_a_00862,0,0,0,1,1,1
arq_test_track_a_00863,0,0,1,0,1,1
arq_test_track_a_00864,1,0,0,0,1,1
arq_test_track_a_00865,1,1,1,0,1,1
arq_test_track_a_00866,1,1,1,0,1,1
arq_test_track_a_00867,0,1,0,1,1,0
arq_test_track_a_00868,1,0,1,0,0,1
arq_test_track_a_00869,0,0,1,1,0,1
arq_test_track_a_00870,1,1,0,0,1,1
arq_test_track_a_00871,1,0,1,0,1,1
arq_test_track_a_00872,0,0,1,0,0,1
arq_test_track_a_00873,1,0,0,0,1,0
arq_test_track_a_00874,0,0,0,0,1,0
arq_test_track_a_00875,1,1,0,0,1,0
arq_test_track_a_00876,1,0,1,0,1,1
arq_test_track_a_00877,1,0,1,0,1,1
arq_test_track_a_00878,0,0,1,0,0,0
arq_test_track_a_00879,0,0,0,0,0,0
arq_test_track_a_00880,1,1,0,1,0,0
arq_test_track_a_00881,1,0,0,0,0,0
arq_test_track_a_00882,1,0,0,0,1,1
arq_test_track_a_00883,1,1,1,0,1,1
arq_test_track_a_00884,0,0,0,1,1,0
arq_test_track_a_00885,1,1,0,0,0,0
arq_test_track_a_00886,1,1,0,0,1,1
arq_test_track_a_00887,1,1,0,0,1,0
arq_test_track_a_00888,0,0,1,1,0,1
arq_test_track_a_00889,1,0,0,0,1,1
arq_test_track_a_00890,1,1,0,0,1,0
arq_test_track_a_00891,0,1,0,1,1,0
arq_test_track_a_00892,0,0,1,0,1,0
arq_test_track_a_00893,1,1,1,0,1,0
arq_test_track_a_00894,1,0,0,0,1,0
arq_test_track_a_00895,0,1,0,0,1,0
arq_test_track_a_00896,0,0,0,1,0,1
arq_test_track_a_00897,1,1,0,0,0,1
arq_test_track_a_00898,0,0,0,1,1,0
arq_test_track_a_00899,1,0,1,0,0,1
arq_test_track_a_00900,0,0,0,0,0,1
arq_test_track_a_00901,1,1,1,0,1,1
arq_test_track_a_00902,0,0,0,1,1,0
